ID,Species,X,Y
93643,Laminaria ochroleuca,80000,0
93644,Laminaria ochroleuca,80000,10000
93645,Laminaria ochroleuca,160000,10000
93646,Laminaria ochroleuca,90000,10000
93647,Laminaria ochroleuca,170000,20000
93648,Laminaria ochroleuca,180000,10000
93649,Laminaria ochroleuca,180000,20000
93650,Laminaria ochroleuca,130000,30000
93651,Laminaria ochroleuca,80000,0
93652,Laminaria ochroleuca,90000,10000
93653,Laminaria ochroleuca,180000,30000
93654,Laminaria ochroleuca,240000,40000
93655,Laminaria ochroleuca,213000,146000
93656,Laminaria ochroleuca,213000,147000
93657,Laminaria ochroleuca,214000,143000
93658,Laminaria ochroleuca,87000,15000
93659,Laminaria ochroleuca,214000,143000
93660,Laminaria ochroleuca,210000,140000
93661,Laminaria ochroleuca,240000,50000
93662,Laminaria ochroleuca,180000,30000
93663,Laminaria ochroleuca,273402,38105
93664,Laminaria ochroleuca,273402,38105
93665,Laminaria ochroleuca,273402,38105
93666,Laminaria ochroleuca,273402,38105
93667,Laminaria ochroleuca,273402,38105
93668,Laminaria ochroleuca,273402,38105
93669,Laminaria ochroleuca,273402,38105
93670,Laminaria ochroleuca,273402,38105
93671,Laminaria ochroleuca,273402,38105
93672,Laminaria ochroleuca,273400,38100
93673,Laminaria ochroleuca,90000,10000
93674,Laminaria ochroleuca,80000,0
93675,Laminaria ochroleuca,90000,0
93676,Laminaria ochroleuca,180000,20000
93677,Laminaria ochroleuca,180000,20000
93679,Laminaria ochroleuca,184502,32006
93680,Laminaria ochroleuca,184502,32006
93681,Laminaria ochroleuca,184502,32006
93682,Laminaria ochroleuca,184502,32006
93683,Laminaria ochroleuca,184502,32006
93684,Laminaria ochroleuca,184502,32006
93685,Laminaria ochroleuca,184502,32006
93686,Laminaria ochroleuca,184502,32006
93687,Laminaria ochroleuca,184502,32006
93688,Laminaria ochroleuca,184500,32000
93689,Laminaria ochroleuca,184500,32000
93690,Laminaria ochroleuca,184000,32000
93691,Laminaria ochroleuca,273400,38100
93692,Laminaria ochroleuca,181200,21600
93693,Laminaria ochroleuca,180600,19700
93694,Laminaria ochroleuca,180900,22400
93695,Laminaria ochroleuca,177200,26400
93696,Laminaria ochroleuca,273000,38000
93697,Laminaria ochroleuca,214602,143805
93698,Laminaria ochroleuca,214600,143800
93699,Laminaria ochroleuca,214600,143800
93700,Laminaria ochroleuca,214802,143905
93701,Laminaria ochroleuca,214800,143900
93702,Laminaria ochroleuca,214800,143800
93703,Laminaria ochroleuca,213702,147305
93704,Laminaria ochroleuca,213702,147305
93705,Laminaria ochroleuca,213700,147300
93706,Laminaria ochroleuca,213700,147300
93707,Laminaria ochroleuca,213700,147300
93708,Laminaria ochroleuca,135103,32606
93709,Laminaria ochroleuca,135100,32600
93710,Laminaria ochroleuca,177400,26300
93711,Laminaria ochroleuca,210000,140000
93712,Laminaria ochroleuca,80700,6500
93713,Laminaria ochroleuca,84000,5000
93714,Laminaria ochroleuca,91100,9200
93715,Laminaria ochroleuca,92000,10000
93716,Laminaria ochroleuca,95000,13000
93717,Laminaria ochroleuca,88000,7000
93718,Laminaria ochroleuca,84803,5307
93719,Laminaria ochroleuca,80703,6507
93720,Laminaria ochroleuca,95503,13507
93721,Laminaria ochroleuca,91103,9207
93722,Laminaria ochroleuca,95500,13500
93723,Laminaria ochroleuca,84800,5300
93724,Laminaria ochroleuca,91100,9200
93725,Laminaria ochroleuca,80700,6500
93726,Laminaria ochroleuca,181802,20406
93727,Laminaria ochroleuca,178802,18806
93728,Laminaria ochroleuca,180802,22806
93729,Laminaria ochroleuca,178800,18800
93730,Laminaria ochroleuca,181800,20400
93731,Laminaria ochroleuca,180800,22800
93732,Laminaria ochroleuca,180800,22800
93733,Laminaria ochroleuca,181800,20400
93734,Laminaria ochroleuca,178800,18800
93735,Laminaria ochroleuca,92803,10307
93736,Laminaria ochroleuca,87203,9007
93737,Laminaria ochroleuca,87203,9007
93738,Laminaria ochroleuca,87203,8107
93739,Laminaria ochroleuca,87203,8107
93740,Laminaria ochroleuca,87203,8107
93741,Laminaria ochroleuca,89203,7707
93742,Laminaria ochroleuca,89203,7707
93743,Laminaria ochroleuca,89200,7700
93744,Laminaria ochroleuca,89200,7700
93745,Laminaria ochroleuca,92800,10300
93746,Laminaria ochroleuca,87200,9000
93747,Laminaria ochroleuca,87200,9000
93748,Laminaria ochroleuca,87200,8100
93749,Laminaria ochroleuca,87200,8100
93750,Laminaria ochroleuca,87200,8100
93751,Laminaria ochroleuca,86800,9400
93752,Laminaria ochroleuca,87000,8000
93753,Laminaria ochroleuca,89200,7700
93754,Laminaria ochroleuca,86403,7107
93755,Laminaria ochroleuca,88503,7307
93756,Laminaria ochroleuca,86503,8607
93757,Laminaria ochroleuca,87903,7607
93758,Laminaria ochroleuca,88500,7300
93759,Laminaria ochroleuca,86500,8600
93760,Laminaria ochroleuca,86400,7100
93761,Laminaria ochroleuca,87900,7600
93762,Laminaria ochroleuca,86400,7100
93763,Laminaria ochroleuca,87900,7600
93764,Laminaria ochroleuca,86500,8600
93765,Laminaria ochroleuca,95503,13507
93766,Laminaria ochroleuca,95500,13500
93767,Laminaria ochroleuca,170000,10000
93768,Laminaria ochroleuca,147800,27100
93769,Laminaria ochroleuca,164400,12300
93770,Laminaria ochroleuca,165700,15900
93771,Laminaria ochroleuca,171600,12900
93772,Laminaria ochroleuca,175700,16300
93773,Laminaria ochroleuca,180100,25300
93774,Laminaria ochroleuca,188400,32700
93775,Laminaria ochroleuca,179700,28200
93776,Laminaria ochroleuca,192600,36700
93777,Laminaria ochroleuca,147802,27106
93778,Laminaria ochroleuca,147800,27100
93779,Laminaria ochroleuca,164402,12306
93780,Laminaria ochroleuca,165702,15906
93781,Laminaria ochroleuca,165700,15900
93782,Laminaria ochroleuca,164400,12300
93783,Laminaria ochroleuca,171602,12906
93784,Laminaria ochroleuca,171600,12900
93785,Laminaria ochroleuca,175702,16306
93786,Laminaria ochroleuca,175700,16300
93787,Laminaria ochroleuca,179702,28206
93788,Laminaria ochroleuca,180102,25306
93789,Laminaria ochroleuca,179700,28200
93790,Laminaria ochroleuca,180100,25300
93791,Laminaria ochroleuca,188402,32706
93792,Laminaria ochroleuca,192602,36706
93793,Laminaria ochroleuca,188400,32700
93794,Laminaria ochroleuca,192600,36700
93795,Laminaria ochroleuca,140000,20000
93796,Laminaria ochroleuca,87203,14307
93797,Laminaria ochroleuca,87203,14207
93798,Laminaria ochroleuca,87200,14300
93799,Laminaria ochroleuca,87200,14200
93800,Laminaria ochroleuca,87303,9807
93801,Laminaria ochroleuca,87703,7707
93802,Laminaria ochroleuca,87903,7907
93803,Laminaria ochroleuca,87900,7900
93804,Laminaria ochroleuca,87300,9800
93805,Laminaria ochroleuca,87700,7700
93806,Laminaria ochroleuca,91903,17307
93807,Laminaria ochroleuca,91903,17307
93808,Laminaria ochroleuca,91900,17300
93809,Laminaria ochroleuca,91900,17300
93810,Laminaria ochroleuca,88203,15707
93811,Laminaria ochroleuca,88200,15700
93812,Laminaria ochroleuca,87703,7507
93813,Laminaria ochroleuca,87803,7507
93814,Laminaria ochroleuca,87803,6907
93815,Laminaria ochroleuca,87803,7107
93816,Laminaria ochroleuca,87800,6900
93817,Laminaria ochroleuca,87800,7100
93818,Laminaria ochroleuca,87700,7500
93819,Laminaria ochroleuca,87800,7500
93820,Laminaria ochroleuca,84703,14407
93821,Laminaria ochroleuca,84700,14400
93822,Laminaria ochroleuca,83403,6307
93823,Laminaria ochroleuca,83403,6307
93824,Laminaria ochroleuca,83400,6300
93825,Laminaria ochroleuca,83400,6300
93826,Laminaria ochroleuca,95203,14807
93827,Laminaria ochroleuca,95203,14807
93828,Laminaria ochroleuca,95200,14800
93829,Laminaria ochroleuca,95200,14800
93830,Laminaria ochroleuca,86303,7707
93831,Laminaria ochroleuca,84303,6507
93832,Laminaria ochroleuca,84300,6500
93833,Laminaria ochroleuca,86300,7700
93834,Laminaria ochroleuca,85503,13607
93835,Laminaria ochroleuca,87203,16007
93836,Laminaria ochroleuca,87303,12207
93837,Laminaria ochroleuca,85500,13600
93838,Laminaria ochroleuca,87200,16000
93839,Laminaria ochroleuca,87300,12200
93840,Laminaria ochroleuca,90303,17907
93841,Laminaria ochroleuca,91303,16307
93842,Laminaria ochroleuca,91300,16300
93843,Laminaria ochroleuca,90300,17900
93844,Laminaria ochroleuca,91703,9307
93845,Laminaria ochroleuca,91703,9307
93846,Laminaria ochroleuca,91603,13107
93847,Laminaria ochroleuca,93103,11307
93848,Laminaria ochroleuca,92503,12507
93849,Laminaria ochroleuca,92500,12500
93850,Laminaria ochroleuca,93100,11300
93851,Laminaria ochroleuca,91600,13100
93852,Laminaria ochroleuca,91700,9300
93853,Laminaria ochroleuca,91700,9300
93854,Laminaria ochroleuca,92303,17207
93855,Laminaria ochroleuca,92003,17407
93856,Laminaria ochroleuca,92803,17507
93857,Laminaria ochroleuca,91903,17707
93858,Laminaria ochroleuca,92800,17500
93859,Laminaria ochroleuca,92000,17400
93860,Laminaria ochroleuca,92300,17200
93861,Laminaria ochroleuca,91900,17700
93862,Laminaria ochroleuca,92103,9807
93863,Laminaria ochroleuca,93303,11507
93864,Laminaria ochroleuca,93503,13507
93865,Laminaria ochroleuca,90303,9807
93866,Laminaria ochroleuca,93300,11500
93867,Laminaria ochroleuca,90300,9800
93868,Laminaria ochroleuca,93500,13500
93869,Laminaria ochroleuca,92100,9800
93870,Laminaria ochroleuca,80003,9607
93871,Laminaria ochroleuca,85903,9207
93872,Laminaria ochroleuca,88803,7607
93873,Laminaria ochroleuca,85900,9200
93874,Laminaria ochroleuca,80000,9600
93875,Laminaria ochroleuca,88800,7600
93876,Laminaria ochroleuca,89303,10407
93877,Laminaria ochroleuca,90503,11507
93878,Laminaria ochroleuca,90503,11507
93879,Laminaria ochroleuca,90203,9807
93880,Laminaria ochroleuca,90500,11500
93881,Laminaria ochroleuca,90500,11500
93882,Laminaria ochroleuca,89300,10400
93883,Laminaria ochroleuca,90200,9800
93884,Laminaria ochroleuca,93233,12117
93885,Laminaria ochroleuca,90094,8844
93886,Laminaria ochroleuca,90094,8844
93887,Laminaria ochroleuca,93433,11997
93888,Laminaria ochroleuca,90803,9457
93889,Laminaria ochroleuca,90803,9457
93890,Laminaria ochroleuca,89313,10487
93891,Laminaria ochroleuca,94453,13687
93892,Laminaria ochroleuca,93200,12000
93893,Laminaria ochroleuca,94500,13600
93894,Laminaria ochroleuca,93400,11900
93895,Laminaria ochroleuca,90800,9300
93896,Laminaria ochroleuca,90800,9300
93897,Laminaria ochroleuca,90100,8700
93898,Laminaria ochroleuca,90100,8700
93899,Laminaria ochroleuca,89300,10400
93900,Laminaria ochroleuca,93703,15207
93901,Laminaria ochroleuca,93700,15200
93902,Laminaria ochroleuca,273402,38105
93903,Laminaria ochroleuca,273400,38100
93904,Laminaria ochroleuca,183702,33306
93905,Laminaria ochroleuca,183700,33300
93906,Laminaria ochroleuca,182102,33706
93907,Laminaria ochroleuca,182100,33700
93908,Laminaria ochroleuca,184102,32706
93909,Laminaria ochroleuca,184100,32700
93910,Laminaria ochroleuca,184502,31006
93911,Laminaria ochroleuca,183602,31706
93912,Laminaria ochroleuca,183600,31700
93913,Laminaria ochroleuca,184500,31000
93914,Laminaria ochroleuca,273502,38005
93915,Laminaria ochroleuca,273500,38000
93916,Laminaria ochroleuca,274702,40605
93917,Laminaria ochroleuca,274700,40600
93918,Laminaria ochroleuca,273602,37805
93919,Laminaria ochroleuca,273600,37800
93920,Laminaria ochroleuca,246702,50506
93921,Laminaria ochroleuca,246802,52706
93922,Laminaria ochroleuca,246800,52700
93923,Laminaria ochroleuca,246700,50500
93924,Laminaria ochroleuca,248902,52106
93925,Laminaria ochroleuca,245002,51206
93926,Laminaria ochroleuca,247702,53606
93927,Laminaria ochroleuca,247702,53606
93928,Laminaria ochroleuca,248900,52100
93929,Laminaria ochroleuca,245000,51200
93930,Laminaria ochroleuca,247700,53600
93931,Laminaria ochroleuca,247700,53600
93932,Laminaria ochroleuca,248302,53306
93933,Laminaria ochroleuca,248300,53300
93934,Laminaria ochroleuca,243702,49906
93935,Laminaria ochroleuca,243700,49900
93936,Laminaria ochroleuca,93313,12167
93937,Laminaria ochroleuca,94463,13687
93938,Laminaria ochroleuca,90133,8857
93939,Laminaria ochroleuca,90803,9487
93940,Laminaria ochroleuca,87503,7447
93941,Laminaria ochroleuca,89273,10457
93942,Laminaria ochroleuca,93343,11777
93943,Laminaria ochroleuca,89323,10267
93944,Laminaria ochroleuca,93033,12257
93945,Laminaria ochroleuca,93263,12027
93946,Laminaria ochroleuca,87500,7300
93947,Laminaria ochroleuca,89300,10300
93948,Laminaria ochroleuca,93300,11900
93949,Laminaria ochroleuca,94500,13600
93950,Laminaria ochroleuca,90100,8700
93951,Laminaria ochroleuca,89300,10100
93952,Laminaria ochroleuca,93300,11600
93953,Laminaria ochroleuca,93300,12000
93954,Laminaria ochroleuca,90800,9400
93955,Laminaria ochroleuca,93000,12100
93956,Laminaria ochroleuca,178802,25806
93957,Laminaria ochroleuca,178802,25806
93958,Laminaria ochroleuca,178800,25800
93959,Laminaria ochroleuca,178800,25800
93960,Laminaria ochroleuca,177002,27006
93961,Laminaria ochroleuca,177002,27006
93962,Laminaria ochroleuca,177000,27000
93963,Laminaria ochroleuca,177000,27000
93964,Laminaria ochroleuca,179502,27006
93965,Laminaria ochroleuca,179502,27006
93966,Laminaria ochroleuca,179502,27506
93967,Laminaria ochroleuca,179502,27506
93968,Laminaria ochroleuca,179902,26306
93969,Laminaria ochroleuca,179500,27000
93970,Laminaria ochroleuca,179500,27000
93971,Laminaria ochroleuca,179500,27500
93972,Laminaria ochroleuca,179500,27500
93973,Laminaria ochroleuca,179900,26300
93974,Laminaria ochroleuca,386802,79406
93975,Laminaria ochroleuca,386802,79406
93976,Laminaria ochroleuca,386800,79400
93977,Laminaria ochroleuca,246900,50100
93978,Laminaria ochroleuca,182400,19800
93979,Laminaria ochroleuca,182400,19800
93980,Laminaria ochroleuca,248900,52500
93981,Laminaria ochroleuca,248600,53100
93982,Laminaria ochroleuca,248800,52800
93983,Laminaria ochroleuca,89400,9600
93984,Laminaria ochroleuca,87800,7100
93985,Laminaria ochroleuca,91400,17300
93986,Laminaria ochroleuca,92900,14100
93987,Laminaria ochroleuca,445300,78000
93988,Laminaria ochroleuca,221100,466900
93989,Laminaria ochroleuca,228400,466700
93990,Laminaria ochroleuca,220800,477500
93991,Laminaria ochroleuca,249200,490700
93992,Laminaria ochroleuca,244400,483500
93993,Laminaria ochroleuca,221100,466900
93994,Laminaria ochroleuca,91300,16500
93995,Laminaria ochroleuca,95800,15100
93996,Laminaria ochroleuca,92900,18000
93997,Laminaria ochroleuca,95700,15800
93998,Laminaria ochroleuca,221100,466900
93999,Laminaria ochroleuca,246200,53400
94000,Laminaria ochroleuca,94900,12400
94001,Laminaria ochroleuca,85900,9700
94002,Laminaria ochroleuca,87200,15400
94003,Laminaria ochroleuca,88300,15500
94004,Laminaria ochroleuca,221100,466900
94005,Laminaria ochroleuca,220800,477500
94006,Laminaria ochroleuca,223700,690900
94007,Laminaria ochroleuca,225300,683500
94008,Laminaria ochroleuca,223600,683700
94009,Laminaria ochroleuca,226900,683700
94010,Laminaria ochroleuca,222000,681100
94011,Laminaria ochroleuca,221300,686700
94012,Laminaria ochroleuca,224900,696600
94013,Laminaria ochroleuca,229500,604100
94014,Laminaria ochroleuca,222100,682500
94015,Laminaria ochroleuca,191300,743200
94016,Laminaria ochroleuca,190900,734400
94017,Laminaria ochroleuca,197300,744300
94018,Laminaria ochroleuca,190900,734400
94019,Laminaria ochroleuca,200600,732100
94020,Laminaria ochroleuca,191300,743200
94021,Laminaria ochroleuca,197300,744300
94022,Laminaria ochroleuca,199100,744800
94023,Laminaria ochroleuca,167900,773500
94024,Laminaria ochroleuca,169100,773000
94025,Laminaria ochroleuca,169800,778400
94026,Laminaria ochroleuca,173900,779700
94027,Laminaria ochroleuca,171500,772500
94028,Laminaria ochroleuca,174900,781200
94029,Laminaria ochroleuca,162600,785100
94030,Laminaria ochroleuca,163800,785400
94031,Laminaria ochroleuca,164700,785200
94032,Laminaria ochroleuca,176300,782000
94033,Laminaria ochroleuca,172000,784400
94034,Laminaria ochroleuca,165800,786100
94035,Laminaria ochroleuca,199600,773900
94036,Laminaria ochroleuca,100300,778000
94037,Laminaria ochroleuca,100700,780700
94038,Laminaria ochroleuca,221100,466900
94039,Laminaria ochroleuca,224300,467600
94040,Laminaria ochroleuca,233200,36900
94041,Laminaria ochroleuca,181603,20446
94042,Laminaria ochroleuca,181600,20300
94043,Laminaria ochroleuca,92900,10100
94044,Laminaria ochroleuca,92900,10100
94045,Laminaria ochroleuca,94500,12600
94046,Laminaria ochroleuca,95000,16300
94047,Laminaria ochroleuca,93200,11200
94048,Laminaria ochroleuca,93200,11200
94055,Laminaria ochroleuca,244500,49200
94057,Laminaria ochroleuca,168200,763200
94058,Laminaria ochroleuca,157500,761700
94059,Laminaria ochroleuca,174500,761800
94062,Laminaria ochroleuca,173820,684814
94063,Laminaria ochroleuca,174628,687123
94064,Laminaria ochroleuca,171226,678921
94065,Laminaria ochroleuca,189446,746331
94066,Laminaria ochroleuca,190617,746335
94067,Laminaria ochroleuca,193610,750220
94068,Laminaria ochroleuca,285600,47700
94069,Laminaria ochroleuca,85952,15707
94070,Laminaria ochroleuca,86000,15600
94071,Laminaria ochroleuca,94719,16389
94072,Laminaria ochroleuca,94700,16300
94073,Laminaria ochroleuca,90952,17776
94074,Laminaria ochroleuca,91000,17600
94075,Laminaria ochroleuca,247500,49100
94094,Laminaria ochroleuca,258700,37800
94095,Laminaria ochroleuca,95471,13596
94096,Laminaria ochroleuca,95500,13500
94097,Laminaria ochroleuca,91024,17995
94098,Laminaria ochroleuca,91000,17900
94099,Laminaria ochroleuca,94849,16568
94100,Laminaria ochroleuca,93558,11810
94101,Laminaria ochroleuca,93558,11810
94102,Laminaria ochroleuca,93558,11810
94103,Laminaria ochroleuca,94900,16400
94104,Laminaria ochroleuca,93600,11700
94105,Laminaria ochroleuca,93600,11700
94106,Laminaria ochroleuca,93600,11700
94107,Laminaria ochroleuca,95549,16026
94108,Laminaria ochroleuca,95549,16026
94109,Laminaria ochroleuca,95600,15900
94110,Laminaria ochroleuca,95600,15900
94111,Laminaria ochroleuca,93362,11319
94112,Laminaria ochroleuca,93224,11342
94113,Laminaria ochroleuca,93400,11200
94114,Laminaria ochroleuca,93200,11200
94115,Laminaria ochroleuca,95700,13500
94116,Laminaria ochroleuca,95700,13500
94117,Laminaria ochroleuca,95700,13500
94118,Laminaria ochroleuca,95700,13500
94119,Laminaria ochroleuca,91200,9100
94120,Laminaria ochroleuca,93300,11000
94121,Laminaria ochroleuca,93300,11000
94122,Laminaria ochroleuca,87700,5900
94123,Laminaria ochroleuca,95800,14900
94124,Laminaria ochroleuca,95600,13900
94125,Laminaria ochroleuca,87300,16800
94126,Laminaria ochroleuca,87300,16800
94127,Laminaria ochroleuca,86600,8500
94128,Laminaria ochroleuca,86700,7500
94129,Laminaria ochroleuca,85000,5000
94130,Laminaria ochroleuca,80000,8700
94131,Laminaria ochroleuca,95100,16000
94132,Laminaria ochroleuca,95000,16100
94133,Laminaria ochroleuca,94300,12300
94134,Laminaria ochroleuca,93400,11900
94135,Laminaria ochroleuca,93400,11900
94136,Laminaria ochroleuca,258700,37700
94137,Laminaria ochroleuca,182300,20400
94138,Laminaria ochroleuca,95600,15900
94139,Laminaria ochroleuca,92900,10200
94140,Laminaria ochroleuca,94300,12300
94141,Laminaria ochroleuca,93600,11700
94142,Laminaria ochroleuca,85500,13000
94143,Laminaria ochroleuca,91400,9000
94144,Laminaria ochroleuca,88200,6700
94145,Laminaria ochroleuca,88200,6700
94146,Laminaria ochroleuca,95400,13400
94147,Laminaria ochroleuca,94600,16300
94148,Laminaria ochroleuca,93600,11700
94149,Laminaria ochroleuca,93800,17100
94150,Laminaria ochroleuca,87300,7700
94151,Laminaria ochroleuca,86300,6000
94152,Laminaria ochroleuca,85000,5000
94153,Laminaria ochroleuca,91200,16200
94154,Laminaria ochroleuca,87700,5900
94155,Laminaria ochroleuca,88700,6800
94156,Laminaria ochroleuca,94100,16900
94157,Laminaria ochroleuca,94400,16300
94158,Laminaria ochroleuca,95100,12600
94159,Laminaria ochroleuca,89000,7600
94160,Laminaria ochroleuca,93400,11900
94161,Laminaria ochroleuca,94300,12400
94162,Laminaria ochroleuca,87000,7100
94163,Laminaria ochroleuca,87000,7100
94164,Laminaria ochroleuca,95200,15200
94165,Laminaria ochroleuca,85100,5300
94166,Laminaria ochroleuca,87400,7600
94167,Laminaria ochroleuca,387881,-20261
94169,Laminaria ochroleuca,386879,-21032
94170,Laminaria ochroleuca,386879,-21032
94171,Laminaria ochroleuca,387393,-20696
94172,Laminaria ochroleuca,387379,-20732
94177,Laminaria ochroleuca,387581,-20488
94178,Laminaria ochroleuca,387581,-20488
94179,Laminaria ochroleuca,387644,-20487
94180,Laminaria ochroleuca,387644,-20487
94185,Laminaria ochroleuca,387018,-20875
94186,Laminaria ochroleuca,387018,-20875
94187,Laminaria ochroleuca,386979,-20908
94188,Laminaria ochroleuca,384118,-22241
94189,Laminaria ochroleuca,384046,-22170
94195,Laminaria ochroleuca,387826,-20354
94196,Laminaria ochroleuca,387826,-20354
94199,Laminaria ochroleuca,258900,37800
94200,Laminaria ochroleuca,258400,46400
94201,Laminaria ochroleuca,258400,46400
94202,Laminaria ochroleuca,193738,689965
94203,Laminaria ochroleuca,190292,685537
94204,Laminaria ochroleuca,197629,691931
94205,Laminaria ochroleuca,375239,-51918
94206,Laminaria ochroleuca,375239,-51918
94208,Laminaria ochroleuca,244400,49300
94209,Laminaria ochroleuca,265416,544466
94210,Laminaria ochroleuca,280178,547933
94211,Laminaria ochroleuca,281340,548240
94212,Laminaria ochroleuca,137000,20000
94213,Laminaria ochroleuca,91800,9200
94214,Laminaria ochroleuca,86900,7100
94215,Laminaria ochroleuca,94900,12800
94216,Laminaria ochroleuca,94100,14800
94217,Laminaria ochroleuca,94100,14800
94218,Laminaria ochroleuca,92900,16800
94219,Laminaria ochroleuca,171213,678935
94220,Laminaria ochroleuca,94100,14800
94221,Laminaria ochroleuca,92700,9900
94222,Laminaria ochroleuca,173820,684814
94223,Laminaria ochroleuca,83600,6300
94224,Laminaria ochroleuca,174638,687103
94225,Laminaria ochroleuca,84900,5200
94226,Laminaria ochroleuca,84900,5200
94227,Laminaria ochroleuca,92800,10100
94228,Laminaria ochroleuca,92800,10100
94229,Laminaria ochroleuca,373595,-55316
94230,Laminaria ochroleuca,373595,-55316
94232,Laminaria ochroleuca,374968,-50232
94233,Laminaria ochroleuca,374968,-50232
94235,Laminaria ochroleuca,373311,-50521
94236,Laminaria ochroleuca,373311,-50521
94237,Laminaria ochroleuca,374466,-53798
94238,Laminaria ochroleuca,374466,-53798
94241,Laminaria ochroleuca,373595,-55316
94242,Laminaria ochroleuca,373595,-55316
94243,Laminaria ochroleuca,374923,-53788
94244,Laminaria ochroleuca,374923,-53788
94247,Laminaria ochroleuca,374069,-55397
94248,Laminaria ochroleuca,374069,-55397
94249,Laminaria ochroleuca,372107,-54719
94250,Laminaria ochroleuca,372107,-54719
94253,Laminaria ochroleuca,373348,-55559
94254,Laminaria ochroleuca,373348,-55559
94256,Laminaria ochroleuca,222146,681038
94257,Laminaria ochroleuca,95700,13500
94258,Laminaria ochroleuca,214476,669046
94259,Laminaria ochroleuca,219955,672957
94260,Laminaria ochroleuca,95100,12800
94261,Laminaria ochroleuca,93300,11300
94262,Laminaria ochroleuca,92400,9600
94263,Laminaria ochroleuca,249700,47200
94264,Laminaria ochroleuca,249700,47200
94265,Laminaria ochroleuca,249700,47200
94266,Laminaria ochroleuca,93500,16700
94267,Laminaria ochroleuca,94400,12500
94268,Laminaria ochroleuca,93700,17100
94269,Laminaria ochroleuca,89600,7800
94270,Laminaria ochroleuca,95700,15900
94271,Laminaria ochroleuca,248700,50700
94275,Laminaria ochroleuca,449300,1158037
94276,Laminaria ochroleuca,446792,1145245
94277,Laminaria ochroleuca,447181,1151334
94278,Laminaria ochroleuca,260600,38200
94279,Laminaria ochroleuca,260600,38200
94280,Laminaria ochroleuca,180900,22900
94281,Laminaria ochroleuca,253300,45500
94282,Laminaria ochroleuca,253300,45500
94283,Laminaria ochroleuca,253300,45500
94284,Laminaria ochroleuca,244300,49200
94288,Laminaria ochroleuca,336509,1013522
94289,Laminaria ochroleuca,345300,1011700
94290,Laminaria ochroleuca,339391,1016620
94291,Laminaria ochroleuca,182100,31600
94292,Laminaria ochroleuca,180800,21700
94293,Laminaria ochroleuca,168200,763200
94294,Laminaria ochroleuca,157480,761683
94295,Laminaria ochroleuca,174492,761789
94296,Laminaria ochroleuca,274161,858245
94297,Laminaria ochroleuca,286678,875739
94298,Laminaria ochroleuca,287311,876444
94299,Laminaria ochroleuca,182182,888455
94300,Laminaria ochroleuca,184115,891814
94301,Laminaria ochroleuca,187198,883928
94302,Laminaria ochroleuca,190617,746335
94303,Laminaria ochroleuca,189451,746343
94304,Laminaria ochroleuca,193610,750220
BM001012205,Laminaria ochroleuca,91908,17308
