ID,Species,Long,Lat
127432,Undaria pinnatifida,1.4171169002,51.3336911715
127433,Undaria pinnatifida,-1.3108210131,50.8599164755
127434,Undaria pinnatifida,-1.3100520723,50.8523213083
127435,Undaria pinnatifida,-1.3098712369,50.8520594236
127436,Undaria pinnatifida,-1.3098712369,50.8520594236
127437,Undaria pinnatifida,-1.3098712369,50.8520594236
127438,Undaria pinnatifida,-1.3098712369,50.8520594236
127439,Undaria pinnatifida,-1.3098712369,50.8520594236
127440,Undaria pinnatifida,-1.3098712369,50.8520594236
127441,Undaria pinnatifida,-1.3098712369,50.8520594236
127442,Undaria pinnatifida,-1.3098712369,50.8520594236
127443,Undaria pinnatifida,-1.3098712369,50.8520594236
127444,Undaria pinnatifida,-1.3098712369,50.8520594236
127445,Undaria pinnatifida,-1.3098712369,50.8520594236
127446,Undaria pinnatifida,-1.3098712369,50.8520594236
127447,Undaria pinnatifida,-1.3098712369,50.8520594236
127448,Undaria pinnatifida,-1.3098712369,50.8520594236
127449,Undaria pinnatifida,-1.3098712369,50.8520594236
127450,Undaria pinnatifida,-1.3098712369,50.8520594236
127451,Undaria pinnatifida,-1.3109402937,50.8518229123
127452,Undaria pinnatifida,-3.5272864204,50.4580011922
127454,Undaria pinnatifida,-1.2938427367,50.7608842151
127455,Undaria pinnatifida,-1.3106751508,50.8698085928
127456,Undaria pinnatifida,-0.102119279,50.8096400971
127457,Undaria pinnatifida,-1.2911564386,50.7509747501
127458,Undaria pinnatifida,-0.8323179985,50.7877560162
127459,Undaria pinnatifida,-0.964707871,50.8321767431
127460,Undaria pinnatifida,-1.300551941,50.881440055
127478,Undaria pinnatifida,-1.1173386345,50.7965566588
127479,Undaria pinnatifida,-0.8923208786,50.8105742358
127480,Undaria pinnatifida,-1.392326905,50.8907225988
127481,Undaria pinnatifida,-4.7341940572,54.0667397801
127482,Undaria pinnatifida,-4.6226440466,54.0674268149
127483,Undaria pinnatifida,-4.7450585165,54.1618048814
127484,Undaria pinnatifida,-4.3170770753,54.28948192
127485,Undaria pinnatifida,-4.1792099039,50.3558630993
127486,Undaria pinnatifida,-4.3870209718,54.2233834402
127487,Undaria pinnatifida,-4.7341940572,54.0667397801
127493,Undaria pinnatifida,-0.1007370659,50.808718141
127494,Undaria pinnatifida,-0.1007348782,50.8087720727
127495,Undaria pinnatifida,-1.0351556155,50.7905095652
127496,Undaria pinnatifida,-1.1173216945,50.797455911
127497,Undaria pinnatifida,-1.035140318,50.7905634018
127498,Undaria pinnatifida,-1.1173064888,50.7975097588
127499,Undaria pinnatifida,-1.3928475352,50.8900507915
127500,Undaria pinnatifida,-1.3109402937,50.8518229123
127501,Undaria pinnatifida,-1.3928326155,50.8901046752
127502,Undaria pinnatifida,-1.3109252924,50.8518767855
127503,Undaria pinnatifida,-1.9830023644,50.7108573428
127504,Undaria pinnatifida,-2.4732511765,50.5848831544
127505,Undaria pinnatifida,-2.4565430208,50.6101329068
127506,Undaria pinnatifida,-2.4565082078,50.6065354684
127507,Undaria pinnatifida,-3.423591424,50.6176195916
127508,Undaria pinnatifida,-3.5287527956,50.4597808791
127509,Undaria pinnatifida,-3.5287260759,50.4598262037
127510,Undaria pinnatifida,-5.0821746539,50.1635839516
127511,Undaria pinnatifida,-4.1317253191,50.3630403277
127512,Undaria pinnatifida,-4.1316996334,50.3630947711
127513,Undaria pinnatifida,-4.7341940572,54.0667397801
127514,Undaria pinnatifida,-4.1246997085,50.3631689383
127515,Undaria pinnatifida,-4.7341940572,54.0667397801
127516,Undaria pinnatifida,-4.7450585165,54.1618048814
127517,Undaria pinnatifida,-4.8332255416,56.078408001
127518,Undaria pinnatifida,-4.8027249532,56.0125807164
127519,Undaria pinnatifida,-4.8300922626,56.0137533292
127520,Undaria pinnatifida,-4.7772190104,56.0149559918
127521,Undaria pinnatifida,-4.8540046983,55.9898281457
127522,Undaria pinnatifida,-4.8689383547,56.03982506
127523,Undaria pinnatifida,-4.8177044486,56.1300047796
127524,Undaria pinnatifida,-4.6861460683,55.3013831779
127525,Undaria pinnatifida,-4.8533297519,56.002429676
127526,Undaria pinnatifida,-5.3943637763,56.5344901643
127527,Undaria pinnatifida,-5.3937932698,56.4553832842
127528,Undaria pinnatifida,-5.29782173,56.5469818704
127529,Undaria pinnatifida,-5.3937932698,56.4553832842
127530,Undaria pinnatifida,-5.2348929679,56.4389513679
127531,Undaria pinnatifida,-5.3943637763,56.5344901643
127532,Undaria pinnatifida,-5.29782173,56.5469818704
127533,Undaria pinnatifida,-5.2689777744,56.5522398362
127534,Undaria pinnatifida,-5.8013429355,56.7951700827
127535,Undaria pinnatifida,-5.7812861978,56.7912841083
127536,Undaria pinnatifida,-5.7747219503,56.8400420647
127537,Undaria pinnatifida,-5.7088071051,56.8537096357
127538,Undaria pinnatifida,-5.7416316434,56.7879850342
127539,Undaria pinnatifida,-5.6937693933,56.8676439078
127540,Undaria pinnatifida,-5.8987332132,56.8964783667
127541,Undaria pinnatifida,-5.8793565649,56.8997800495
127542,Undaria pinnatifida,-5.8644277533,56.898444667
127543,Undaria pinnatifida,-5.6715536103,56.875493223
127544,Undaria pinnatifida,-5.7441134575,56.8949181979
127545,Undaria pinnatifida,-5.8472388976,56.9070691002
127546,Undaria pinnatifida,-5.28351557,56.8134831487
127547,Undaria pinnatifida,-6.9096891945,56.7968884982
127548,Undaria pinnatifida,-6.9063278671,56.8213151524
127549,Undaria pinnatifida,-4.7341940572,54.0667397801
127550,Undaria pinnatifida,-4.6857530254,54.074125966
127552,Undaria pinnatifida,-1.0208476519,50.8023071974
127553,Undaria pinnatifida,-1.0207434358,50.8011820919
127554,Undaria pinnatifida,-5.787126486,56.7029802236
127555,Undaria pinnatifida,-5.960065523,56.6841061008
127556,Undaria pinnatifida,-5.6832141845,56.6935102707
127557,Undaria pinnatifida,-5.6280773141,56.0028565461
127558,Undaria pinnatifida,-5.6170825493,56.0239434848
127559,Undaria pinnatifida,-5.6645853434,55.9487819754
127560,Undaria pinnatifida,-5.4269963483,56.5617453157
127561,Undaria pinnatifida,-5.4079785099,56.5623045704
127562,Undaria pinnatifida,-5.3624539438,56.5984753542
127564,Undaria pinnatifida,-1.9730958283,50.6955661278
127565,Undaria pinnatifida,-1.9730958283,50.6955661278
127566,Undaria pinnatifida,-1.9858412628,50.6910714972
127567,Undaria pinnatifida,-1.9858412628,50.6910714972
127568,Undaria pinnatifida,-1.9561112774,50.6874665925
127571,Undaria pinnatifida,-1.2977764704,50.8769265915
127572,Undaria pinnatifida,-5.3131681715,56.0580426516
127573,Undaria pinnatifida,-5.3649524499,56.0168257424
127574,Undaria pinnatifida,-5.2522679497,56.0773405643
127575,Undaria pinnatifida,-4.0926755202,54.7769351135
127576,Undaria pinnatifida,-3.8647146713,54.8118193319
127577,Undaria pinnatifida,-3.8467675203,54.8148534426
127578,Undaria pinnatifida,-5.6648049768,55.9489013332
127579,Undaria pinnatifida,-5.6280773141,56.0028565461
127580,Undaria pinnatifida,-5.6169056271,56.0237688297
127581,Undaria pinnatifida,-4.8516260468,55.9893258447
127582,Undaria pinnatifida,-4.9661805148,55.8788091076
127583,Undaria pinnatifida,-4.8813101337,55.91598659
127584,Undaria pinnatifida,-1.2977494379,50.8787251493
127585,Undaria pinnatifida,-4.1263049146,50.3361533079
127586,Undaria pinnatifida,-1.1078308283,60.3040263076
127587,Undaria pinnatifida,-1.1561712446,60.189466732
127588,Undaria pinnatifida,-1.1477395509,60.2440938093
127589,Undaria pinnatifida,-3.5017356132,50.4520374661
127590,Undaria pinnatifida,-4.1416311304,50.3331732967
127591,Undaria pinnatifida,0.8948997464,51.7732383454
127592,Undaria pinnatifida,-3.1053913608,59.0044799695
127593,Undaria pinnatifida,-2.9519129535,58.9893333212
127594,Undaria pinnatifida,-3.0560774976,59.0327180755
127595,Undaria pinnatifida,-4.5265749658,54.1216336572
127596,Undaria pinnatifida,-5.787126486,56.7029802236
127597,Undaria pinnatifida,-5.9603752255,56.6839433541
127598,Undaria pinnatifida,-5.6833349034,56.6934077838
127599,Undaria pinnatifida,-4.105723288,57.5968887955
127600,Undaria pinnatifida,-3.9046305674,57.7572716884
127601,Undaria pinnatifida,-3.8943295238,57.7637607903
127602,Undaria pinnatifida,-5.669366116,57.8327480374
127603,Undaria pinnatifida,-5.6399188336,57.8637979171
127604,Undaria pinnatifida,-5.5810275657,57.7945740451
127605,Undaria pinnatifida,-5.4079785099,56.5623045704
127606,Undaria pinnatifida,-5.4269248727,56.5618551829
127607,Undaria pinnatifida,-5.3624539438,56.5984753542
128080,Undaria pinnatifida,0.8915449792,51.7661251558
128389,Undaria pinnatifida,-0.7950358503,50.7478030904
128390,Undaria pinnatifida,-0.0829036828,50.8282144259
129320,Undaria pinnatifida,1.3110560627,51.1172340667
129321,Undaria pinnatifida,1.4196486486,51.3291190652
129322,Undaria pinnatifida,1.4225143935,51.3290352702
129323,Undaria pinnatifida,1.4225813001,51.3299329416
129324,Undaria pinnatifida,1.4231166776,51.3371143051
BM000642476,Undaria pinnatifida,1.4210288892,51.3291416894
BM000642477,Undaria pinnatifida,1.4210288892,51.3291416894
BM000642478,Undaria pinnatifida,1.4210288892,51.3291416894
BM000899038,Undaria pinnatifida,1.3122766638,51.1177122508
BM001032688,Undaria pinnatifida,1.4210288892,51.3291416894
